324.43,278,367
321.04,278,366
318.45,278,366
314.97,278,366
311.78,262,366
309.55,262,364
307.25,262,346
305.77,258,346
304.15,258,346
302.97,258,343
300.68,258,343
299.48,258,335
297.75,258,332
296.52,258,332
295.16,258,330
293.98,258,329
293.21,258,329
290.23,258,329
289.71,258,329
288.51,258,329
287.66,258,329
286.71,258,329
286.19,258,315
285.62,258,315
283.49,258,315
282.27,258,312
282.11,258,312
281.49,258,312
280.48,258,311
279.7,256,311
278.63,256,311
278.31,256,311
277.38,256,311
277.15,256,311
276.39,256,311
274.83,249,311
274.59,249,311
273.75,249,311
273.58,249,311
272.62,246,311
272.13,244,311
271.76,244,311
271.57,244,311
271.16,244,311
270.56,244,297
270.24,244,297
270.18,244,297
268.93,244,295
268.21,244,295
267.56,244,295
267.12,244,295
265.91,243,295
265.05,243,295
264.4,243,294
264.06,243,294
263.7,243,294
263.25,242,294
262.67,242,294
262.61,242,294
262.08,240,293
261.88,240,293
261.73,240,293
261.43,240,293
260.94,240,293
260.9,240,293
260.21,240,293
260.01,240,293
259.72,240,293
259.43,240,293
258.96,240,293
258.81,240,293
258.77,240,293
258.57,240,293
258.28,240,293
258.12,240,293
257.93,240,293
257.34,240,277
257.2,240,277
256.88,240,277
256.44,240,277
256.35,240,277
255.94,240,277
255.86,240,276
255.59,240,276
255.29,240,276
255.27,240,276
255.12,240,276
254.93,240,276
254.78,240,276
254.61,240,276
254.47,240,276
254.31,240,276
254.29,240,276
254.11,240,276
254.06,240,276
253.76,240,276
253.44,240,276
253.44,240,276
253.29,240,276
253.02,240,276
252.82,240,276
252.69,240,276
252.61,240,276
252.33,240,276
252.18,240,276
252.03,240,276
251.99,240,276
251.82,240,276
251.67,240,276
251.54,240,276
251.53,240,276
251.49,240,276
251.34,240,276
251.21,240,276
251.08,240,276
251.06,240,276
250.89,240,276
250.74,240,276
250.59,240,276
250.59,240,276
250.44,240,276
250.39,240,276
250.39,240,276
250,240,276
250,240,276
249.97,240,275
249.78,240,262
249.63,240,262
249.63,240,262
249.63,240,262
249.6,240,262
249.47,240,262
249.44,240,262
249.44,240,262
249.43,240,262
249.43,240,262
249.29,240,262
249.29,240,262
249.28,240,262
249.13,240,262
249.13,240,262
249.09,240,262
248.79,240,262
248.77,240,262
248.62,240,262
248.49,240,262
248.49,240,262
248.48,240,262
248.34,240,262
248.19,240,262
248.19,240,262
248.19,240,262
248.19,240,262
248.04,240,262
248.04,240,262
247.98,240,262
247.83,240,262
247.66,240,262
247.62,240,262
247.62,240,262
247.62,240,262
247.61,240,262
247.44,240,262
247.42,240,262
247.38,240,262
247.34,240,262
247.34,240,262
247.34,240,262
247.28,240,262
247.28,240,262
247.28,240,262
247.26,240,261
247.26,240,261
247.26,240,261
247.23,240,261
247.06,240,261
247.06,240,261
247.06,240,261
247.06,240,261
247.06,240,261
247.04,240,261
247.04,240,261
247.04,240,261
247.04,240,261
247.04,240,261
247.04,240,261
247.02,240,261
246.99,240,261
246.84,240,261
246.84,240,261
246.84,240,261
246.84,240,261
246.82,240,261
246.82,240,261
246.78,240,261
246.77,240,261
246.77,240,261
246.75,240,261
246.73,240,261
246.71,240,261
246.69,240,261
246.66,240,261
246.66,240,261
246.65,240,261
246.65,240,261
246.63,240,261
246.63,240,261
246.63,240,261
246.48,240,261
246.48,240,261
246.48,240,261
246.46,240,261
246.42,240,261
246.42,240,261
246.42,240,261
246.42,240,261
246.4,240,261
246.4,240,261
246.4,240,261
246.4,240,261
246.4,240,261
246.39,240,261
246.39,240,261
246.39,240,261
246.39,240,261
246.39,240,261
246.39,240,261
246.39,240,261
246.39,240,261
246.39,240,261
246.39,240,261
246.39,240,261
246.39,240,261
246.26,240,261
246.23,240,261
246.23,240,261
246.23,240,261
246.23,240,261
246.23,240,261
246.23,240,261
246.23,240,261
246.23,240,261
246.23,240,261
246.21,240,261
246.21,240,261
246.21,240,261
246.21,240,261
246.21,240,261
246.21,240,261
246.21,240,261
246.08,240,261
246.08,240,261
246.08,240,261
246.06,240,261
246.06,240,261
246.06,240,261
245.93,240,261
245.91,240,261
245.91,240,261
245.91,240,261
245.91,240,261
245.89,240,261
245.89,240,261
245.89,240,261
245.89,240,261
245.89,240,261
245.89,240,261
245.89,240,261
245.89,240,261
245.89,240,261
245.89,240,261
245.89,240,261
245.76,240,261
245.76,240,261
245.76,240,261
245.76,240,261
245.76,240,261
245.76,240,261
245.76,240,261
245.76,240,261
245.76,240,261
245.76,240,261
245.76,240,261
245.74,240,261
245.74,240,261
245.74,240,261
245.74,240,261
245.74,240,261
245.74,240,261
245.74,240,261
245.74,240,261
245.74,240,261
245.74,240,261
245.74,240,261
245.73,240,261
245.73,240,261
245.73,240,261
245.73,240,261
245.73,240,261
245.73,240,261
245.73,240,261
245.73,240,261
245.73,240,261
245.73,240,261
245.73,240,261
245.73,240,261
245.73,240,261
245.73,240,261
245.73,240,261
245.73,240,261
245.73,240,261
245.73,240,261
245.73,240,261
245.73,240,261
245.73,240,261
245.73,240,261
245.73,240,261
245.73,240,261
245.73,240,261
245.73,240,261
245.73,240,261
245.71,240,261
245.71,240,261
245.71,240,261
245.71,240,261
245.71,240,261
245.71,240,261
245.71,240,261
245.71,240,261
245.71,240,261
245.71,240,261
245.71,240,261
245.71,240,261
245.71,240,261
245.71,240,261
245.58,240,261
245.58,240,261
245.58,240,261
245.58,240,261
245.58,240,261
245.58,240,261
245.58,240,261
245.58,240,261
245.58,240,261
245.58,240,261
245.58,240,261
245.58,240,261
245.58,240,261
245.58,240,261
245.58,240,261
245.58,240,261
245.58,240,261
245.58,240,261
245.58,240,261
245.58,240,261
245.58,240,261
245.58,240,261
245.58,240,261
245.58,240,261
245.58,240,261
245.58,240,261
245.58,240,261
245.58,240,261
245.58,240,261
245.58,240,261
245.58,240,261
245.58,240,261
245.58,240,261
245.58,240,261
245.58,240,261
245.58,240,261
245.58,240,261
245.58,240,261
245.58,240,261
245.58,240,261
245.58,240,261
245.58,240,261
245.58,240,261
245.45,240,261
245.45,240,261
245.45,240,261
245.45,240,261
245.44,240,261
245.44,240,261
245.44,240,261
245.44,240,261
245.44,240,261
245.44,240,261
245.44,240,261
245.44,240,261
245.44,240,261
245.44,240,261
245.44,240,261
245.44,240,261
245.44,240,261
245.44,240,261
245.42,240,261
245.42,240,261
245.42,240,261
245.42,240,261
245.42,240,261
245.42,240,261
245.42,240,261
245.42,240,261
245.42,240,261
245.42,240,261
245.42,240,261
245.42,240,261
245.42,240,261
245.42,240,261
245.42,240,261
245.42,240,261
245.42,240,261
245.42,240,261
245.42,240,261
245.42,240,261
245.42,240,261
245.42,240,261
245.42,240,261
245.42,240,261
245.42,240,261
245.42,240,261
245.42,240,261
245.42,240,261
245.42,240,261
245.42,240,261
245.42,240,261
245.42,240,261
245.42,240,261
245.42,240,261
245.42,240,261
245.42,240,261
245.42,240,261
245.42,240,261
245.42,240,261
245.42,240,261
245.42,240,261
245.42,240,261
245.42,240,261
245.42,240,261
245.42,240,261
245.42,240,261
245.42,240,261
245.42,240,261
245.42,240,261
245.42,240,261
245.42,240,261
245.42,240,261
245.42,240,261
245.42,240,261
245.42,240,261
245.42,240,261
245.42,240,261
245.42,240,261
245.42,240,261
245.42,240,261
245.42,240,261
245.42,240,261
245.42,240,261
245.42,240,261
245.42,240,261
245.42,240,261
245.42,240,261
245.42,240,261
245.42,240,261
245.42,240,261
245.42,240,261
245.42,240,261
245.42,240,261
245.42,240,261
245.42,240,261
245.42,240,261
245.42,240,261
245.42,240,261
245.42,240,261
245.42,240,261
245.42,240,261
245.42,240,261
245.42,240,261
245.42,240,261
245.42,240,261
245.42,240,261
245.42,240,261
245.42,240,261
245.42,240,261
245.42,240,261
245.42,240,261
245.42,240,261
245.42,240,261
245.42,240,261
245.42,240,261
245.42,240,261
245.42,240,261
245.42,240,261
245.42,240,261
245.42,240,261
245.42,240,261
245.42,240,261
245.42,240,261
245.42,240,261
245.42,240,261
245.42,240,261
245.42,240,261
245.42,240,261
245.42,240,261
245.42,240,261
245.42,240,261
245.42,240,261
245.42,240,261
245.42,240,261
245.42,240,261
245.42,240,261
245.42,240,261
245.42,240,261
245.42,240,261
245.42,240,261
245.42,240,261
245.42,240,261
245.42,240,261
245.42,240,261
245.42,240,261
245.42,240,261
245.42,240,261
245.42,240,261
245.42,240,261
245.42,240,261
245.42,240,261
245.42,240,261
245.42,240,261
245.42,240,261
245.42,240,261
245.42,240,261
245.42,240,261
245.42,240,261
245.42,240,261
245.42,240,261
245.42,240,261
245.42,240,261
245.42,240,261
245.42,240,261
245.42,240,261
245.42,240,261
245.42,240,261
245.42,240,261
245.42,240,261
245.42,240,261
245.42,240,261
245.42,240,261
245.42,240,261
245.42,240,261
245.42,240,261
245.42,240,261
245.42,240,261
245.42,240,261
245.42,240,261
245.42,240,261
245.42,240,261
245.42,240,261
245.42,240,261
245.42,240,261
245.42,240,261
245.42,240,261
245.42,240,261
245.42,240,261
245.42,240,261
245.42,240,261
245.42,240,261
245.42,240,261
245.42,240,261
245.42,240,261
245.42,240,261
245.42,240,261
245.42,240,261
245.42,240,261
245.42,240,261
245.42,240,261
245.42,240,261
245.42,240,261
245.42,240,261
245.42,240,261
245.42,240,261
245.42,240,261
245.42,240,261
245.42,240,261
245.42,240,261
245.42,240,261
245.42,240,261
245.42,240,261
245.42,240,261
245.42,240,261
245.42,240,261
245.42,240,261
245.42,240,261
245.42,240,261
245.42,240,261
245.42,240,261
245.42,240,261
245.42,240,261
245.42,240,261
245.42,240,261
245.42,240,261
245.42,240,261
245.42,240,261
245.42,240,261
245.42,240,261
245.42,240,261
245.42,240,261
245.42,240,261
245.42,240,261
245.42,240,261
245.42,240,261
245.42,240,261
245.42,240,261
245.42,240,261
245.42,240,261
245.42,240,261
245.42,240,261
245.42,240,261
245.42,240,261
245.42,240,261
245.42,240,261
245.42,240,261
245.42,240,261
245.42,240,261
245.42,240,261
245.42,240,261
245.42,240,261
245.42,240,261
245.42,240,261
245.42,240,261
245.42,240,261
245.42,240,261
245.42,240,261
245.42,240,261
245.42,240,261
245.42,240,261
245.42,240,261
245.42,240,261
245.42,240,261
245.42,240,261
245.42,240,261
245.42,240,261
245.42,240,261
245.42,240,261
245.42,240,261
245.42,240,261
245.42,240,261
245.42,240,261
245.42,240,261
245.42,240,261
245.42,240,261
245.42,240,261
245.42,240,261
245.42,240,261
245.42,240,261
245.42,240,261
245.42,240,261
245.42,240,261
245.42,240,261
245.42,240,261
245.42,240,261
245.42,240,261
245.42,240,261
245.42,240,261
245.42,240,261
245.42,240,261
245.42,240,261
245.42,240,261
245.42,240,261
245.42,240,261
245.42,240,261
245.42,240,261
245.42,240,261
245.42,240,261
245.42,240,261
245.42,240,261
245.42,240,261
245.42,240,261
245.42,240,261
245.42,240,261
245.42,240,261
245.42,240,261
245.42,240,261
245.42,240,261
245.42,240,261
245.42,240,261
245.42,240,261
245.42,240,261
245.42,240,261
245.42,240,261
245.42,240,261
245.42,240,261
245.42,240,261
245.42,240,261
245.42,240,261
245.42,240,261
245.42,240,261
245.42,240,261
245.42,240,261
245.42,240,261
245.42,240,261
245.42,240,261
245.42,240,261
245.42,240,261
245.42,240,261
245.42,240,261
245.42,240,261
245.42,240,261
245.42,240,261
245.42,240,261
245.42,240,261
245.42,240,261
245.42,240,261
245.42,240,261
245.42,240,261
245.42,240,261
245.42,240,261
245.42,240,261
245.42,240,261
245.42,240,261
245.42,240,261
245.42,240,261
245.42,240,261
245.42,240,261
245.42,240,261
245.42,240,261
245.42,240,261
245.42,240,261
245.42,240,261
245.42,240,261
245.42,240,261
245.42,240,261
245.42,240,261
245.42,240,261
245.42,240,261
245.42,240,261
245.42,240,261
245.42,240,261
245.42,240,261
245.42,240,261
245.42,240,261
245.42,240,261
245.42,240,261
245.42,240,261
245.42,240,261
245.42,240,261
245.42,240,261
245.42,240,261
245.42,240,261
245.42,240,261
245.42,240,261
245.42,240,261
245.42,240,261
245.42,240,261
245.42,240,261
245.42,240,261
245.42,240,261
245.42,240,261
245.42,240,261
245.42,240,261
245.42,240,261
245.42,240,261
245.42,240,261
245.42,240,261
245.42,240,261
245.42,240,261
245.42,240,261
245.42,240,261
245.42,240,261
245.42,240,261
245.42,240,261
245.42,240,261
245.42,240,261
245.42,240,261
245.42,240,261
245.42,240,261
245.42,240,261
245.42,240,261
245.42,240,261
245.42,240,261
245.42,240,261
245.42,240,261
245.42,240,261
245.42,240,261
245.42,240,261
245.42,240,261
245.42,240,261
245.42,240,261
245.42,240,261
245.42,240,261
245.42,240,261
245.42,240,261
245.42,240,261
245.42,240,261
245.42,240,261
245.42,240,261
245.42,240,261
245.42,240,261
245.42,240,261
245.42,240,261
245.42,240,261
245.42,240,261
245.42,240,261
245.42,240,261
245.42,240,261
245.42,240,261
245.42,240,261
245.42,240,261
245.42,240,261
245.42,240,261
245.42,240,261
245.42,240,261
245.42,240,261
245.42,240,261
245.42,240,261
245.42,240,261
245.42,240,261
245.42,240,261
245.42,240,261
245.42,240,261
245.42,240,261
245.42,240,261
245.42,240,261
245.42,240,261
245.42,240,261
245.42,240,261
245.42,240,261
245.42,240,261
245.42,240,261
245.42,240,261
245.42,240,261
245.42,240,261
245.42,240,261
245.42,240,261
245.42,240,261
245.42,240,261
245.42,240,261
245.42,240,261
245.42,240,261
245.42,240,261
245.42,240,261
245.42,240,261
245.42,240,261
245.42,240,261
245.42,240,261
245.42,240,261
245.42,240,261
245.42,240,261
245.42,240,261
245.42,240,261
245.42,240,261
245.42,240,261
245.42,240,261
245.42,240,261
245.42,240,261
245.42,240,261
245.42,240,261
245.42,240,261
245.42,240,261
245.42,240,261
245.42,240,261
245.42,240,261
245.42,240,261
245.42,240,261
245.42,240,261
245.42,240,261
245.42,240,261
245.42,240,261
245.42,240,261
245.42,240,261
245.42,240,261
245.42,240,261
245.42,240,261
245.42,240,261
245.42,240,261
245.42,240,261
245.42,240,261
245.42,240,261
245.42,240,261
245.42,240,261
245.42,240,261
245.42,240,261
245.42,240,261
245.42,240,261
245.42,240,261
245.42,240,261
245.42,240,261
245.42,240,261
245.42,240,261
245.42,240,261
245.42,240,261
245.42,240,261
245.42,240,261
245.42,240,261
245.42,240,261
245.42,240,261
245.42,240,261
245.42,240,261
245.42,240,261
245.42,240,261
245.42,240,261
245.42,240,261
245.42,240,261
245.42,240,261
245.42,240,261
245.42,240,261
245.42,240,261
245.42,240,261
245.42,240,261
245.42,240,261
245.42,240,261
245.42,240,261
245.42,240,261
245.42,240,261
245.42,240,261
245.42,240,261
245.42,240,261
245.42,240,261
245.42,240,261
245.42,240,261
245.42,240,261
245.42,240,261
245.42,240,261
245.42,240,261
245.42,240,261
245.42,240,261
245.42,240,261
245.42,240,261
245.42,240,261
245.42,240,261
245.42,240,261
245.42,240,261
245.42,240,261
245.42,240,261
245.42,240,261
245.42,240,261
245.42,240,261
245.42,240,261
245.42,240,261
245.42,240,261
245.42,240,261
245.42,240,261
245.42,240,261
245.42,240,261
245.42,240,261
245.42,240,261
245.42,240,261
245.42,240,261
245.42,240,261
245.42,240,261
245.42,240,261
245.42,240,261
245.42,240,261
245.42,240,261
245.42,240,261
245.42,240,261
245.42,240,261
245.42,240,261
245.42,240,261
245.42,240,261
245.42,240,261
245.42,240,261
245.42,240,261
245.42,240,261
245.42,240,261
245.42,240,261
245.42,240,261
245.42,240,261
245.42,240,261
245.42,240,261
245.42,240,261
245.42,240,261
245.42,240,261
245.42,240,261
245.42,240,261
245.42,240,261
245.42,240,261
245.42,240,261
245.42,240,261
245.42,240,261
245.42,240,261
245.42,240,261
245.42,240,261
245.42,240,261
245.42,240,261
245.42,240,261
245.42,240,261
245.42,240,261
245.42,240,261
245.42,240,261
245.42,240,261
245.42,240,261
245.42,240,261
245.42,240,261
245.42,240,261
245.42,240,261
245.42,240,261
245.42,240,261
245.42,240,261
245.42,240,261
